[
  {
    "firstName": "Dylan",
    "lastName": "N",
    "code": "4800951",
    "hall": 2,
    "movieId": 1,
    "date": 1621113922,
    "occupiedSeats": [
      {
        "row": 2,
        "column": 4
      },
      {
        "row": 1,
        "column": 5
      },
      {
        "row": 2,
        "column": 5
      },
      {
        "row": 1,
        "column": 6
      },
      {
        "row": 2,
        "column": 6
      }
    ],
    "timeslotId": 1
  },
  {
    "firstName": "d",
    "lastName": "n",
    "code": "2968846",
    "hall": 2,
    "movieId": 2,
    "date": 1621114159,
    "occupiedSeats": [
      {
        "row": 2,
        "column": 3
      },
      {
        "row": 2,
        "column": 4
      },
      {
        "row": 2,
        "column": 5
      },
      {
        "row": 3,
        "column": 4
      }
    ],
    "timeslotId": 2
  },
  {
    "firstName": "Dylan",
    "lastName": "N",
    "code": "1887613",
    "hall": 2,
    "movieId": 2,
    "date": 1621114414,
    "occupiedSeats": [
      {
        "row": 1,
        "column": 1
      },
      {
        "row": 1,
        "column": 2
      },
      {
        "row": 1,
        "column": 3
      }
    ],
    "timeslotId": 2
  },
  {
    "firstName": "Dylan",
    "lastName": "N",
    "code": "6534714",
    "hall": 2,
    "movieId": 2,
    "date": 1621114548,
    "occupiedSeats": [
      {
        "row": 4,
        "column": 5
      },
      {
        "row": 4,
        "column": 6
      },
      {
        "row": 4,
        "column": 7
      }
    ],
    "timeslotId": 2
  },
  {
    "firstName": "Dylan",
    "lastName": "N",
    "code": "8160666",
    "hall": 2,
    "movieId": 2,
    "date": 1621115054,
    "occupiedSeats": [
      {
        "row": 6,
        "column": 3
      },
      {
        "row": 6,
        "column": 2
      },
      {
        "row": 6,
        "column": 1
      }
    ],
    "timeslotId": 2
  },
  {
    "firstName": "Dylan",
    "lastName": "N",
    "code": "4803867",
    "hall": 2,
    "movieId": 2,
    "date": 1621115143,
    "occupiedSeats": [
      {
        "row": 1,
        "column": 7
      },
      {
        "row": 1,
        "column": 8
      },
      {
        "row": 1,
        "column": 6
      }
    ],
    "timeslotId": 2
  },
  {
    "firstName": "Dylan",
    "lastName": "Doe",
    "code": "943870",
    "hall": 1,
    "movieId": 0,
    "date": 1621122969,
    "occupiedSeats": [
      {
        "row": 1,
        "column": 3
      },
      {
        "row": 1,
        "column": 4
      },
      {
        "row": 1,
        "column": 5
      },
      {
        "row": 1,
        "column": 6
      },
      {
        "row": 1,
        "column": 7
      }
    ],
    "timeslotId": 0
  },
  {
    "firstName": "Dylan",
    "lastName": "Doe",
    "code": "7538752",
    "hall": 2,
    "movieId": 1,
    "date": 1621123155,
    "occupiedSeats": [
      {
        "row": 1,
        "column": 1
      },
      {
        "row": 1,
        "column": 2
      },
      {
        "row": 1,
        "column": 3
      }
    ],
    "timeslotId": 1
  },
  {
    "firstName": "Dylan",
    "lastName": "N",
    "code": "2771289",
    "hall": 1,
    "movieId": 0,
    "date": 1621275332,
    "occupiedSeats": [
      {
        "row": 1,
        "column": 2
      },
      {
        "row": 1,
        "column": 3
      },
      {
        "row": 1,
        "column": 4
      }
    ],
    "timeslotId": 0
  },
  {
    "firstName": "Dylan",
    "lastName": "N",
    "code": "2732546",
    "hall": 1,
    "movieId": 0,
    "date": 1621275558,
    "occupiedSeats": [
      {
        "row": 1,
        "column": 2
      },
      {
        "row": 1,
        "column": 3
      },
      {
        "row": 1,
        "column": 4
      }
    ],
    "timeslotId": 0
  },
  {
    "firstName": "Johan",
    "lastName": "Johabn",
    "code": "4369290",
    "hall": 1,
    "movieId": 0,
    "date": 1621327061,
    "occupiedSeats": [
      {
        "row": 1,
        "column": 1
      },
      {
        "row": 1,
        "column": 5
      },
      {
        "row": 1,
        "column": 6
      }
    ],
    "timeslotId": 0
  },
  {
    "firstName": "Dylan",
    "lastName": "N",
    "code": "3038660",
    "hall": 1,
    "movieId": 0,
    "date": 1621686294,
    "occupiedSeats": [
      {
        "row": 5,
        "column": 2
      }
    ],
    "timeslotId": 0
  },
  {
    "firstName": "Vincent",
    "lastName": "de Gans",
    "code": "5050704",
    "hall": 2,
    "movieId": 2,
    "date": 1621770078,
    "occupiedSeats": [
      {
        "row": 3,
        "column": 5
      },
      {
        "row": 3,
        "column": 6
      },
      {
        "row": 3,
        "column": 7
      }
    ],
    "timeslotId": 2
  },
  {
    "firstName": "Brent",
    "lastName": "de Brons",
    "code": "2703502",
    "hall": 4,
    "movieId": 2,
    "date": 1622019579,
    "occupiedSeats": [
      {
        "row": 2,
        "column": 1
      }
    ],
    "timeslotId": 3
  },
  {
    "firstName": "Brenbr",
    "lastName": "Menos",
    "code": "1103286",
    "hall": 2,
    "movieId": 1,
    "date": 1622019757,
    "occupiedSeats": [
      {
        "row": 4,
        "column": 1
      }
    ],
    "timeslotId": 1
  },
  {
    "firstName": "E\t",
    "lastName": "A",
    "code": "601887",
    "hall": 1,
    "movieId": 0,
    "date": 1622019945,
    "occupiedSeats": [
      {
        "row": 4,
        "column": 3
      }
    ],
    "timeslotId": 0
  },
  {
    "firstName": "Brent",
    "lastName": "brobs",
    "code": "9914257",
    "hall": 2,
    "movieId": 1,
    "date": 1622020678,
    "occupiedSeats": [
      {
        "row": 2,
        "column": 1
      }
    ],
    "timeslotId": 1
  },
  {
    "firstName": "Brerbb",
    "lastName": "Meo",
    "code": "1833571",
    "hall": 4,
    "movieId": 2,
    "date": 1622034621,
    "occupiedSeats": [
      {
        "row": 1,
        "column": 4
      },
      {
        "row": 1,
        "column": 5
      }
    ],
    "timeslotId": 4
  },
  {
    "firstName": "me",
    "lastName": "you",
    "code": "2042900",
    "hall": 1,
    "movieId": 0,
    "date": 1622979542,
    "occupiedSeats": [
      {
        "row": 1,
        "column": 12
      },
      {
        "row": 1,
        "column": 15
      }
    ],
    "timeslotId": 0
  },
  {
    "firstName": "2",
    "lastName": "2",
    "code": "8685370",
    "hall": 1,
    "movieId": 0,
    "date": 1622979649,
    "occupiedSeats": [
      {
        "row": 1,
        "column": 7
      }
    ],
    "timeslotId": 0
  },
  {
    "firstName": "jo",
    "lastName": "jo",
    "code": "5474911",
    "hall": 1,
    "movieId": 0,
    "date": 1623143055,
    "occupiedSeats": [
      {
        "row": 3,
        "column": 10
      },
      {
        "row": 3,
        "column": 11
      },
      {
        "row": 3,
        "column": 12
      }
    ],
    "timeslotId": 0
  },
  {
    "firstName": "Brent",
    "lastName": "de brons",
    "code": "1669814",
    "hall": 1,
    "movieId": 0,
    "date": 1623148066,
    "occupiedSeats": [
      {
        "row": 3,
        "column": 7
      }
    ],
    "timeslotId": 0
  }
]